公司全名,公司简称,公司规模,融资阶段,区域,职位名称,工作经验,学历要求,工资,职位福利
广州拓欧信息技术有限公司,RIB建筑软件集团,150-500人,上市公司,萝岗区,产品经理（造价方向）,3-5年,本科,10k-15k,班车接送，加班少，周末双休，工作氛围轻松
广州康乐富健康管家有限公司,康乐富,150-500人,不需要融资,天河区,产品经理,3-5年,大专,6k-12k,"弹性上下班,双休,发展空间大,自我实现"
广州线条信息科技有限公司,SuperADS,50-150人,A轮,天河区,产品经理,3-5年,本科,12k-20k,"午餐晚餐,双休,年终奖励"
广东智源信息技术有限公司,广东智源,50-150人,不需要融资,越秀区,产品经理,不限,硕士,5k-10k,"月度活动,年度旅游,绩效奖金,五险一金"
广州数夫软件科技有限公司,数夫软件,150-500人,未融资,天河区,产品经理,3-5年,本科,10k-18k,"五险一金,双休,弹性工作制,即将上市"
广州市吉特品牌管理有限公司,吉特品牌,少于15人,不需要融资,萝岗区,APP产品经理,3-5年,硕士,10k-20k,"时间灵活,轻松年轻,美女多,股份期权"
广州火舞软件开发股份有限公司,火舞游戏,150-500人,上市公司,天河区,产品经理,1-3年,大专,15k-20k,"双休,五险一金,发展空间大,平台好"
广州牧云网络科技有限公司,美甲帮,150-500人,B轮,天河区,产品经理,3-5年,本科,10k-15k,"发挥空间大,项目靠谱,具有挑战性"
广州健联科技有限公司,广州健联,50-150人,A轮,白云区,产品经理,3-5年,大专,10k-16k,"周末双休,下午茶,年度旅游,年底分红"
广州龙腾出行网络科技股份有限公司,龙腾出行,150-500人,上市公司,越秀区,产品经理,1-3年,大专,7k-10k,"上市公司,高新企业,福利齐全,六险一金"
广州一智通供应链管理有限公司,一智通,150-500人,B轮,天河区,产品经理,1-3年,本科,10k-15k,"互联网,供应链,公司发展快,大牛多"
广东正品信息科技有限公司,正品集团,150-500人,未融资,天河区,产品经理,3-5年,不限,12k-20k,"产品10人,技术80人,移动电商,新零售"
广州麦多特投资有限公司,麦多特,15-50人,不需要融资,萝岗区,产品经理,1年以下,本科,8k-13k,"14天年假,境外游,Mac办公,期权激励"
广东省电信规划设计院有限公司,设计院,2000人以上,上市公司,天河区,产品经理,3-5年,本科,9k-15k,"周末双休,节日福利,高温补贴,带薪年假"
广州哈家信息科技有限公司,哈家科技,50-150人,天使轮,,产品经理,3-5年,本科,15k-25k,"每周双休,绩效奖金,轻松氛围"
广州富米科技有限公司,一手服装批发APP,150-500人,A轮,荔湾区,产品经理,1-3年,本科,20k-30k,"项目前景好,团队活跃,市场空间大"
广州骏睿信息科技有限公司,广州骏睿,少于15人,天使轮,天河区,产品经理,1-3年,本科,10k-15k,"五险一金,期权鼓励,节日福利,带薪年假"
广州博鳌纵横网络科技有限公司,汇桔网,2000人以上,C轮,萝岗区,产品经理,5-10年,本科,15k-20k,待遇优厚、朝阳行业、五险一金、股票期权
北京公瑾科技有限公司广州分公司,公瑾,500-2000人,B轮,天河区,产品经理,5-10年,本科,15k-20k,"周末双休,五险一金,季度奖金,氛围好"
广州智悦网络科技有限公司,智悅网络,50-150人,A轮,天河区,产品经理,1-3年,本科,8k-15k,"扁平管理,五险一金,年终奖,期权奖励"
深圳格莱珉文化传播有限公司广州分公司,MAKA,50-150人,A轮,海珠区,产品经理,1-3年,本科,10k-20k,六险一金 周末双休 带薪年假 员工旅游
广东壹健康科技有限公司,壹健康,500-2000人,不需要融资,天河区,产品经理,5-10年,大专,9k-15k,"五险一金,节日福利"
广州集客网络科技有限公司,集客网络,50-150人,不需要融资,白云区,产品经理,3-5年,本科,12k-20k,"扁平管理,带薪年假,年底分红,氛围融洽"
广州逸趣信息科技有限公司,Offerslook,50-150人,天使轮,天河区,产品经理,3-5年,本科,10k-20k,"美女如云,老板好,人性化管理,福利多多"
恒峰信息技术有限公司,恒峰信息,150-500人,上市公司,萝岗区,产品经理,不限,大专,10k-15k,专业团队 年轻活力 朝阳业务 价值导向
广东天泽阳光康众医疗投资管理有限公司,阳光康众,50-150人,A轮,海珠区,产品经理,3-5年,大专,10k-20k,"七险一金,双休,节日福利"
广州智安天使网络科技有限公司,智安天使科技,50-150人,不需要融资,天河区,产品经理,1-3年,大专,7k-8k,"周末双休,五险一金,高温补贴,节假日福利"
万惠投资管理有限公司,PPmoney互联网金融平台,500-2000人,上市公司,天河区,产品经理 (大及贷),3-5年,本科,13k-25k,"大公司平台,晋升快,薪资高,福利非常多"
广州傲银信息科技有限责任公司,傲银科技,15-50人,未融资,海珠区,产品经理,3-5年,本科,10k-15k,"发展空间大,周末双休,五险一金,福利完善"
竞优（广州）信息技术有限公司,竞优软件,150-500人,上市公司,天河区,产品经理,3-5年,大专,10k-20k,"六险一金,年底奖金,双休,发展前景好"
广州富米科技有限公司,一手服装批发APP,150-500人,A轮,荔湾区,产品经理,3-5年,本科,15k-25k,"项目靠谱,市场空间大,牛逼团队"
广州博鳌纵横网络科技有限公司,汇桔网,2000人以上,C轮,萝岗区,产品经理,1-3年,本科,8k-15k,"朝阳行业,周末双休,班车餐补,五险一金"
广州智美时代科技有限公司,智美时代,15-50人,未融资,天河区,产品经理,3-5年,本科,10k-20k,"周末双休,五险一金,年终奖"
广州朗国电子科技有限公司,朗国科技,50-150人,未融资,天河区,产品经理,1-3年,本科,6k-8k,"在职期权,福利好,配车,项目奖"
广州市卓越里程教育科技股份有限公司,卓越教育集团,2000人以上,不需要融资,越秀区,产品经理,1-3年,本科,9k-12k,"公司平台大,晋升通道"
广州财略金融信息科技有限公司,AI考拉,50-150人,A轮,海珠区,产品经理,1-3年,大专,7k-14k,"发展空间大,绩效奖金,年度旅游,丰盛下午茶"
广州柏视医疗科技有限公司,柏视医疗,15-50人,A轮,海珠区,产品经理,3-5年,本科,15k-25k,"人工智能,顶级团队,高成长,前沿行业"
佛山市咔嚓购信息技术有限公司,酒咔嚓,15-50人,A轮,越秀区,产品经理,3-5年,本科,8k-15k,喝着世界级美酒快乐工作！
东怡源科技（广州）有限公司,东怡源,15-50人,未融资,南沙区,产品经理,3-5年,本科,18K-25K,"五险,员工旅游,定期体检,包吃包住"
广州爱范儿科技股份有限公司,爱范儿,50-150人,上市公司,海珠区,产品经理,1-3年,本科,8k-12k,"大牛多,环境好,周末双休,五险一金"
氪金信息科技（天津）有限公司,Codrim,15-50人,天使轮,天河区,产品经理,不限,大专,5k-10k,"五险一金,周末双休,活动多,团队有活力"
腾宇融资租赁（广州）有限公司,腾宇科技,50-150人,不需要融资,天河区,产品经理,1-3年,大专,8k-12k,"发展平台广,薪酬福利好,地铁周边,周末双休"
万惠投资管理有限公司,PPmoney互联网金融平台,500-2000人,上市公司,天河区,产品经理,3-5年,本科,15k-25k,"互联网化,用户思维,产品设计"
广东省电信规划设计院有限公司,设计院,2000人以上,上市公司,天河区,产品经理,1-3年,本科,8k-12k,"周末双休,高温补贴,节日补贴,发展平台"
广州探迹科技有限公司,探迹,50-150人,B轮,番禺区,产品经理-大数据人工智能产品,1-3年,本科,10k-20k,"大数据AI,带薪年假,期权激励,五险一金"
广州博鳌纵横网络科技有限公司,汇桔网,2000人以上,C轮,天河区,产品经理,3-5年,本科,10k-20k,"发展空间,五险一金,股票期权,周末双休"
铂涛信息技术（广州）有限公司,铂涛旅行,500-2000人,未融资,海珠区,产品经理,1-3年,本科,10k-15k,"五险一金,绩效奖金,周末双休,超一亿会员"
广州云徙科技有限公司,云徙科技,150-500人,A轮,黄埔区,产品经理,3-5年,本科,13k-25k,A轮融资 待遇优厚 福利健全 股权激励
广州汇电云联互联网科技有限公司,汇电云联,50-150人,B轮,天河区,产品经理,3-5年,本科,10k-15k,"不打卡,扁平化,氛围好,高温补贴"
广州市特蕾美生物科技有限公司,广州特蕾美,50-150人,未融资,天河区,产品经理,1-3年,本科,8k-15k,"弹性上班,扁平管理,领导好,薪酬福利好"
广州云移信息科技有限公司,掌贝（云移科技）,500-2000人,B轮,,产品经理,1-3年,本科,14k-25k,五险一金、弹性工作、年终奖等42项福利
广州智悦网络科技有限公司,智悅网络,50-150人,A轮,天河区,产品经理,1-3年,本科,7k-9k,"五险一金,优秀团队,下午茶,节日福利"
珠海沙盒网络科技有限公司,沙盒网络,15-50人,A轮,天河区,产品经理,1-3年,大专,10k-15k,期权激励
广州市卓志物流服务有限公司,卓志,500-2000人,未融资,黄埔区,产品经理,3-5年,大专,10k-18k,"团队活跃,架构扁平,学习空间大"
氪金信息科技（天津）有限公司,Codrim,15-50人,天使轮,天河区,产品经理,1-3年,本科,10k-20k,"产品新颖,下午茶,双休"
广州探迹科技有限公司,探迹,50-150人,B轮,番禺区,高级产品经理,3-5年,本科,15k-30k,"大数据AI,五险一金,扁平管理,期权激励"
有米科技股份有限公司,有米科技,500-2000人,上市公司,番禺区,产品经理,3-5年,本科,10k-20k,"六险一金,平台广阔,年度旅游,项目奖金"
广州三尺信息科技有限公司,三尺科技,50-150人,A轮,天河区,产品经理,1-3年,本科,7k-13k,"自家产品,开展空间大,用户规模大,技术大牛"
广东亿迅科技有限公司,广东亿迅,2000人以上,不需要融资,天河区,产品经理/顾问,5-10年,不限,10k-20k,"大数据平台,千万级用户"
广东曼拓信息科技有限公司,广东曼拓信息科技有限公司,50-150人,上市公司,天河区,产品经理,3-5年,本科,25k-50k,"背景硬,团队好,领导好,创新项目"
广州博鳌纵横网络科技有限公司,汇桔网,2000人以上,C轮,萝岗区,产品经理,3-5年,本科,15k-25k,双休，五险一金，班车，期权，年假
广州市卓志物流服务有限公司,卓志,500-2000人,未融资,黄埔区,产品经理,3-5年,大专,12k-20k,"业务体量大,行业领先,工作增值高"
广州大象健康科技有限公司,健康猫,500-2000人,A轮,天河区,产品经理,3-5年,本科,10k-18k,"五险一金,带薪年假,培训拓展,年终奖金"
广州凯晟信息科技有限公司,凯晟科技,50-150人,不需要融资,天河区,产品经理,3-5年,大专,14k-18k,"福利齐全,大小周休息,朝九晚六"
广州牧云网络科技有限公司,美甲帮,150-500人,B轮,天河区,高级产品经理,3-5年,本科,10k-15k,"五险一金,团队氛围好,成长空间大"
广州市时代新科技有限公司,时代科技,150-500人,不需要融资,越秀区,产品经理,3-5年,本科,8k-12k,"每周下午茶,五险一金,晋升,周末双休"
广州市骑鹅游信息技术咨询服务有限公司,骑鹅旅行,50-150人,A轮,海珠区,产品经理,3-5年,本科,10k-20k,五险一金、15天带薪年假、带薪病假
广州趣米网络科技有限公司,广州趣米网络,50-150人,天使轮,天河区,产品经理,1-3年,大专,6k-12k,"周末双休,五险一金,年度体检,带薪年假"
广州诗悦网络科技有限公司,诗悦网络,150-500人,不需要融资,天河区,产品经理,3-5年,本科,10k-20k,"氛围好,团队靠谱,破亿流水"
益邦控股集团有限公司,益邦控股集团,500-2000人,未融资,白云区,产品经理,5-10年,本科,12k-18k,"周末双休,六险一金,专业培训,年度体检"
广州优盟广告策划有限公司,优盟广告,15-50人,未融资,番禺区,产品经理,1-3年,本科,12k-15k,"和微信合作,绩效奖金,竞争力工资,技术氛围浓"
深圳隽思信息科技有限公司,深圳隽思,50-150人,未融资,天河区,产品经理,3-5年,本科,15k-28k,"晋升机会多,周末双休,五险一金"
上海游民网络科技有限公司,3K游戏,150-500人,不需要融资,天河区,产品经理,3-5年,不限,8k-15k,"六险一金,高额奖金,团队活跃,海外旅游"
广州久邦世纪科技有限公司,久邦GOMO,500-2000人,上市公司,越秀区,产品经理,1-3年,本科,10k-15k,"弹性上班,双休,五险一金,团队奖金"
广州酷麦信息科技有限公司,酷麦,15-50人,A轮,天河区,产品经理,1-3年,大专,10k-20k,"五险一金,五险一金,周末双休,餐补 旅游"
广州酷旅旅行社有限公司,要出发,500-2000人,D轮及以上,天河区,产品经理,1-3年,本科,8k-16k,五险一金 双休 下午茶 员工内部优惠旅游
万惠投资管理有限公司,PPmoney互联网金融平台,500-2000人,上市公司,天河区,高级产品经理,5-10年,本科,15k-25k,互联网金融 上市公司 健身房水果下午茶
广州维胜信息技术有限公司,搜款网 VVIC,50-150人,A轮,天河区,产品经理,1-3年,本科,10k-20k,"团队大牛多,福利齐全,市场前景大,年底多薪"
广州梦映动漫网络科技有限公司,梦映动漫,50-150人,A轮,海珠区,产品经理,1-3年,本科,10k-18k,"周末双休,五险一金,年度旅行,年度体检"
广州福利汇网络科技有限公司,福利金融,50-150人,A轮,天河区,产品经理,1-3年,本科,15k-30k,"年底多薪,带薪年假,股票期权,下午茶"
广东重运宝科技有限公司,重运宝,50-150人,未融资,海珠区,产品经理,3-5年,大专,8k-16k,"做五休二,五险一金,扁平管理,团队活动"
广州铠源信息科技有限公司,铠源科技,50-150人,不需要融资,天河区,产品经理,3-5年,本科,10k-15k,"高速发展,扁平管理,敏捷开发,团队融洽"
北京路客互联网科技有限公司,路客,150-500人,A轮,番禺区,产品经理,3-5年,本科,10k-20k,"共享经济,一日三餐,创始团队,期权激励"
北京骏嘉财通科技有限公司,骏嘉财通,500-2000人,未融资,天河区,产品经理,不限,大专,5k-10k,"高薪诚聘,晋升快速,总部培训,五险一金"
广州龙腾出行网络科技股份有限公司,龙腾出行,150-500人,上市公司,越秀区,产品经理,1-3年,本科,12k-24k,"发展空间,千万级"
惠州市蓝库网络科技有限公司,蓝库,15-50人,不需要融资,番禺区,产品经理,1-3年,大专,8k-16k,"包吃包住,做五休二,期权激励,发展空间大"
氪金信息科技（天津）有限公司,Codrim,15-50人,天使轮,天河区,高级产品经理,3-5年,不限,15K-20K,"全球业务,大数据,广告营销,saas"
大鱼快乐有限公司,阿里文娱,2000人以上,上市公司,天河区,产品经理,3-5年,本科,15k-20k,"发展空间大,福利多,领导好"
广州联赢科技有限公司,联赢科技,15-50人,上市公司,番禺区,产品经理,5-10年,本科,15k-18k,"扁平管理,帅哥美女多"
广州富米科技有限公司,一手服装批发APP,150-500人,A轮,荔湾区,高级产品经理,5-10年,本科,15k-25k,"原始股激励,市场空间大,成长快"
万惠投资管理有限公司,PPmoney互联网金融平台,500-2000人,上市公司,天河区,产品经理/产品总监,5-10年,本科,30k-35k,五险一金、周末双休、股期权、年终奖
广州小树网络科技有限公司,小树科技,50-150人,不需要融资,天河区,产品经理,3-5年,大专,9k-13k,"季度奖金,年终奖,周末双休,下午茶"
广州麦多特投资有限公司,麦多特,15-50人,不需要融资,萝岗区,高级产品经理,3-5年,本科,18k-30k,"股权激励,14天年假,团队棒,有前景"
浙江星飞信息技术有限公司,星飞,150-500人,天使轮,天河区,​产品经理,1-3年,大专,8k-15k,"五险一金,周末双休,绩效奖金,餐补"
腾宇融资租赁（广州）有限公司,腾宇科技,50-150人,不需要融资,天河区,产品经理,1-3年,大专,8k-16k,"薪酬福利佳,地铁周边,晋升空间大,周末双休"
深圳格莱珉文化传播有限公司广州分公司,MAKA,50-150人,A轮,海珠区,高级产品经理,3-5年,本科,15k-22k,"产品好,数千万A融,年终奖励,带薪年假"
广州芦苇信息科技有限公司,芦苇科技,15-50人,不需要融资,天河区,产品经理,1-3年,本科,5k-7k,"CEO导师,弹性上班,六险,扁平化管理"
广东正品信息科技有限公司,正品集团,150-500人,未融资,天河区,高级产品经理,5-10年,不限,15k-25k,"产品10人,技术80人,电商,扫码应用"
广东灵机文化传播有限公司,灵机文化,150-500人,不需要融资,天河区,产品经理,1-3年,本科,10k-20k,1亿用户交你任性，项目提成丰厚
广东芯智慧科技有限公司,保利芯智慧,50-150人,A轮,海珠区,产品经理-Saas,1-3年,本科,8k-10k,"五险一金,周末双休"
北京金山软件有限公司,金山办公软件,2000人以上,上市公司,天河区,产品经理,3-5年,本科,15k-30k,"商业保险,自有园区,月活量高,氛围舒服"
广州昊誉信息科技有限公司,昊誉,50-150人,不需要融资,天河区,产品经理,3-5年,本科,10k-15k,"平台大,福利齐全,假期多,待遇好"
广东省出版集团数字出版有限公司,出版集团数字公司,50-150人,上市公司,越秀区,产品经理,3-5年,本科,8k-15k,"五险一金,年终奖金,带薪年假,绩效奖金"
前海易物（深圳）电子商务有限公司广州分公司,前海易物,150-500人,A轮,海珠区,产品经理,3-5年,本科,8K-15K,"班车接送,公司氛围好,7.5小时"
TCL集团财务有限公司,TCL金融控股集团,150-500人,未融资,越秀区,产品经理,3-5年,本科,8k-16k,待遇佳福利好平台广
万惠投资管理有限公司,PPmoney互联网金融平台,500-2000人,上市公司,天河区,高级产品经理,5-10年,本科,20k-25k,"牛人多,福利好,互联网金融"
北京尚德在线教育科技有限公司,尚德机构,2000人以上,上市公司,天河区,产品经理,3-5年,本科,15K-25K,"朝阳行业,在线教育"
广州云软数据科技有限公司,云软数据科技,50-150人,不需要融资,荔湾区,产品经理,1-3年,不限,13k-25k,"交通方便,地铁到,环境好"
金锡科技（广州）有限公司,金锡科技,50-150人,不需要融资,越秀区,产品经理,3-5年,大专,8k-15k,"员工旅游,餐补,下午茶,生日会"
上海游民网络科技有限公司,3K游戏,150-500人,不需要融资,天河区,产品经理,1-3年,大专,7k-14k,"双休,六险一金,年终奖,包餐"
航天精一（广东）信息科技有限公司,航天精一,150-500人,上市公司,天河区,中级产品经理,1-3年,本科,7k-12k,"周末双休,项目奖金,晋升渠道,六险一金"
广州金鹏集团有限公司,金鹏,2000人以上,未融资,天河区,产品经理,1-3年,本科,8k-10k,"团队年轻,机会多"
广州威尔森信息科技有限公司,Ways,150-500人,未融资,天河区,产品经理,5-10年,本科,8k-15k,六险一金
广州谦腾信息科技有限公司,谦腾信息,50-150人,A轮,海珠区,产品经理,3-5年,本科,20k-25k,"核心产品线,原型设计,业务需求,产品需求"
广州华多网络科技有限公司,欢聚时代（YY Inc）,2000人以上,上市公司,番禺区,产品经理,1-3年,大专,15k-25k,"社区类产品,短视频产品,上市公司"
广东链动网络科技有限公司,链动科技,50-150人,不需要融资,海珠区,产品经理,5-10年,大专,15k-25k,"五险一金,周末双休,发展空间"
广州太平洋电脑信息咨询有限公司,太平洋网络有限公司,500-2000人,上市公司,天河区,产品经理,3-5年,本科,10k-15k,"上市公司,年终奖金,五险一金"
广州奕报告信息科技有限公司,奕报告,50-150人,不需要融资,天河区,产品经理,不限,本科,6k-12k,"平台好,行业潜力大,团队氛围好,办公环境好"
广州欧科信息技术股份有限公司,广州欧科,150-500人,上市公司,萝岗区,产品经理,1-3年,本科,8k-15k,"期权,年终奖,弹性时间,年轻团队"
上海翡翠东方网络信息技术有限公司,翡翠东方TVBC,15-50人,不需要融资,天河区,产品经理,3-5年,本科,15k-25k,"领导好,项目潜力大,公司福利好,发展空间大"
广州华多网络科技有限公司,欢聚时代（YY Inc）,2000人以上,上市公司,番禺区,产品经理 (MJ000892),5-10年,本科,10k-20k,"平台大,福利多"
广州合利宝支付科技有限公司,合利宝,150-500人,上市公司,天河区,产品经理,1-3年,本科,10k-18k,"发展空间大,专业培训,薪酬福利好,CBD办公"
广州市特蕾美生物科技有限公司,广州特蕾美,50-150人,未融资,天河区,高级产品经理,5-10年,本科,15k-25k,"扁平管理,自由发挥,下午茶点心,薪酬福利好"
广州云湾信息技术有限公司,云智易,50-150人,B轮,海珠区,产品经理,3-5年,本科,10k-15k,"年底双薪,职业培训,朝阳行业,职位晋升"
浙江星飞信息技术有限公司,星飞,150-500人,天使轮,天河区,产品经理,1-3年,本科,15k-25k,"五险一金,年度奖金,餐补,周末双休"
美的集团股份有限公司,美的集团IT,2000人以上,上市公司,番禺区,产品经理,5-10年,本科,15k-25k,"六险一金,餐补,节日福利,免费体检"
广州久邦世纪科技有限公司,久邦GOMO,500-2000人,上市公司,越秀区,高级产品经理,3-5年,本科,15k-30k,"弹性上班,交通便利,团队奖金,扁平管理"
全城握手（广州）科技有限公司,全城握手,15-50人,天使轮,天河区,产品经理,3-5年,本科,10k-15k,"多次调薪,五险一金,福利齐全,员工旅游"
广州游莱信息科技有限公司,Game Hollywood,150-500人,上市公司,海珠区,产品经理,3-5年,大专,10k-15k,"靠谱公司,靠谱游戏,靠谱团队"
广东医务通信息技术有限公司,南方医务通,15-50人,不需要融资,海珠区,产品经理,1-3年,本科,5k-10k,"五险一金,周末双休,氛围好,发展空间大"
广州荔支网络技术有限公司,荔枝,150-500人,D轮及以上,天河区,产品经理,1-3年,本科,20k-25k,发展空间大
天津爱波瑞科技发展有限公司,爱波瑞,150-500人,A轮,白云区,产品经理,3-5年,本科,15k-30k,"五险一金,季度奖金,双休,加班补贴"
广州极天信息技术股份有限公司,极天信息,50-150人,A轮,海珠区,产品经理,3-5年,本科,10k-20k,规范的管理、好的福利待遇、轻松的工作氛围
广州欢拓网络科技有限公司,欢拓网络,15-50人,A轮,天河区,产品经理,1-3年,大专,8k-12k,"餐饮补贴,年度旅游,节日福利"
广州市中智软件开发有限公司,中智软件,150-500人,不需要融资,越秀区,产品经理,3-5年,本科,10k-15k,"绩效奖金,下午茶,年终奖"
广东灵机文化传播有限公司,灵机文化,150-500人,不需要融资,天河区,产品经理,1-3年,本科,8k-15k,福利好
广东俊特团贷网络信息服务股份有限公司,团贷网,2000人以上,C轮,天河区,产品经理,3-5年,本科,8k-15k,"TOP10,发展快,福利全,空间大"
氪金信息科技（天津）有限公司,Codrim,15-50人,天使轮,天河区,产品经理,1-3年,大专,10K-20K,"五险一金,双休,岗位职责,活动多"
广东影子教育信息科技有限公司,广东影子教育信息科技有限公司,15-50人,不需要融资,越秀区,产品经理,3-5年,本科,10k-15k,"团队棒！,老板好！,发展前景大,工作氛围好"
上海提捺信息科技有限公司,上海提捺信息科技有限公司,500-2000人,不需要融资,海珠区,产品经理,3-5年,大专,15k-20k,"出国机会,餐房补贴,假日双休,年底分红"
广州棒谷科技股份有限公司,广州棒谷科技股份有限公司,2000人以上,不需要融资,白云区,高级产品经理,3-5年,本科,20k-30k,"大型电商,海量数据"
广州至真信息科技有限公司,至真信息,150-500人,A轮,天河区,产品经理,1-3年,本科,12k-20k,社会保险，年终奖金，年度旅游
广东客天下科技有限公司,客天下科技有限公司,50-150人,不需要融资,天河区,产品经理/副总监,3-5年,本科,10k-15k,"周末双休,13薪,节日福利"
广东天泽阳光康众医疗投资管理有限公司,阳光康众,50-150人,A轮,海珠区,高级产品经理,3-5年,大专,10k-20k,"双休,七险一金,带薪假期,节日福利"
铂涛信息技术（广州）有限公司,铂涛旅行,500-2000人,未融资,海珠区,高级产品经理,5-10年,本科,20k-33k,"五险一金,绩效奖金,周末双休,超一亿会员"
广州市百果园网络科技有限公司,Bigo,500-2000人,D轮及以上,番禺区,产品经理,1-3年,本科,10k-20k,"发展空间大,工作氛围好,薪酬福利好,团队大牛多"
广州卓艺文化传媒有限公司,卓艺传媒,少于15人,未融资,番禺区,产品经理,1-3年,本科,10k-15k,"五险一金,期权鼓励,带薪年假,节日福利"
广州数夫软件科技有限公司,数夫软件,150-500人,未融资,天河区,互联网产品经理,3-5年,本科,10k-20k,"五险一金,年终奖金,员工旅游,专业培训"
广州多益网络股份有限公司,多益网络,500-2000人,不需要融资,萝岗区,产品经理,不限,不限,13k-26k,互联网百强
广州天行客网络科技有限公司,广州天行客,50-150人,不需要融资,天河区,产品经理,3-5年,大专,8k-13k,"五险一金,绩效奖金,餐饮补贴,团队氛围好"
广州市万表科技股份有限公司,万表,150-500人,B轮,番禺区,电商产品经理,3-5年,本科,10k-20k,"平台发展好,周末双休,五险一金,包工作餐"
深圳市世云新媒体有限公司,互动大师iH5.cn,50-150人,B轮,海珠区,产品经理,1-3年,本科,8k-16k,"领域第一,产品很强,产品地位高,带薪年假"
国辰(广州)信息科技有限公司,国辰科技,15-50人,不需要融资,番禺区,产品经理,3-5年,本科,9k-15k,富有挑战
广州合摩计算机科技有限公司,爱员工,150-500人,B轮,天河区,产品经理,3-5年,本科,15k-30k,"拟上市公司,开放氛围,共享,团队融洽"
广州市巴图鲁信息科技有限公司,巴图鲁公司,150-500人,C轮,海珠区,产品经理,1-3年,本科,8k-15k,弹性制、双休制、扁平化、oh思维活跃~
广州六一信息科技有限公司,六一教育,150-500人,A轮,天河区,产品经理,不限,本科,6k-9k,"周末双休,五险一金,弹性上班,年底双薪"
广州跨界网络技术有限公司,跨界网络,50-150人,不需要融资,越秀区,产品经理,3-5年,大专,10k-16k,"社保,旅游,晋升,奖金"
广东健客医药有限公司,健客网,500-2000人,A轮,萝岗区,供应链产品经理,1-3年,本科,10k-20k,"大平台,发展空间大"
广州华多网络科技有限公司,欢聚时代（YY Inc）,2000人以上,上市公司,番禺区,产品经理,3-5年,不限,12k-24k,"一线互联网,平台大,机会多,福利好"
广州思勘测绘技术有限公司,思勘,15-50人,不需要融资,天河区,产品经理,1-3年,本科,8k-15k,"年终分红,带薪年假,定期体检,五险一金"
京滴信息科技（广州）有限公司,京滴科技,15-50人,A轮,天河区,产品经理,1-3年,本科,8k-15k,"五险一金,股份期权,晋升空间大,帅哥美女多"
广州新炬信息科技有限公司,IMPLUS,15-50人,不需要融资,天河区,中高级产品经理,3-5年,本科,15k-30k,"发挥空间大,弹性灵活,福利赞,锻炼英文"
广州艺威电子科技有限公司,广州艺威电子科技有限公司,50-150人,不需要融资,白云区,产品经理,1-3年,不限,1k-2k,"年终分红,五险一金,全勤然,绩效奖金"
深圳市对庄科技有限公司,对庄科技,15-50人,A轮,荔湾区,产品经理,3-5年,大专,10K-18K,工作稳定，高成长空间，靠谱产品，靠谱团队
广州易房秀信息科技有限公司,易房秀,15-50人,未融资,海珠区,产品经理,3-5年,大专,10k-18k,"五险,领导nic,氛围好,多好吃的"
广州医加多医疗股份有限公司,医加多,15-50人,未融资,白云区,产品经理,1-3年,本科,5k-10k,"创业公司,五险一金,带薪年假,节日福利"
广州卖家宝信息技术咨询有限公司,卖家宝,150-500人,不需要融资,天河区,产品经理,3-5年,大专,8k-16k,"年假7天,年终奖,季度活动,餐费补贴"
广州美迪迪网络科技有限公司,美迪迪,50-150人,不需要融资,番禺区,产品经理,1-3年,大专,10k-12k,"双休,五险一金,近地铁,环境高大上"
广州智美时代科技有限公司,智美时代,15-50人,未融资,天河区,高级产品经理,5-10年,本科,15k-25k,"双休,年终奖金,五险一金,各种补贴"
广州经传多赢投资咨询有限公司,经传多赢,2000人以上,不需要融资,番禺区,产品经理/产品专员,1-3年,本科,6k-12k,"五险一金,绩效奖金,年底多薪,员工旅游"
广东曼拓信息科技有限公司,广东曼拓信息科技有限公司,50-150人,上市公司,天河区,DSP产品经理/高级产品经理,5-10年,本科,15k-25k,"定期体检,六险一金,年度旅游,良好的氛围"
北京尚德在线教育科技有限公司,尚德机构,2000人以上,上市公司,天河区,高级产品经理,3-5年,本科,28k-35k,"互联网教育,朝阳行业"
广州七乐康药业连锁有限公司,七乐康,500-2000人,C轮,荔湾区,供应链产品经理,3-5年,本科,10k-20k,"互联网医疗,地铁旁,双休,弹性工作"
广州真境信息科技有限公司,真境,15-50人,天使轮,天河区,产品经理,1-3年,大专,10k-15k,"五险一金,带薪年假,双休,节假日福利"
广州三尺信息科技有限公司,三尺科技,50-150人,A轮,天河区,高级产品经理,3-5年,本科,12k-18k,"自家产品,用户规模大,微信服务商,技术大牛"
广州卓术信息科技有限公司,卓术信息,15-50人,不需要融资,天河区,产品经理,1-3年,本科,8k-15k,期权、钱多心不类、氛围好
广州南贯五洲电子商务有限公司,南贯五洲,150-500人,B轮,天河区,产品经理（D）,1-3年,大专,10k-15k,"周末双休,五险"
恒大地产集团珠三角房地产开发有限公司,恒大珠三角公司,2000人以上,上市公司,天河区,产品经理,5-10年,本科,20k-33k,500强
广东道一信息技术股份有限公司,道一信息,500-2000人,上市公司,天河区,产品经理,3-5年,大专,9k-15k,五险一金，节假日福利，餐补，员工旅游
广州新车评企业营销策划有限公司,新车评网,15-50人,未融资,海珠区,产品经理,1-3年,本科,4k-6k,"双休,年底双薪,国外旅游,五险一金"
广州新车评企业营销策划有限公司,新车评网,15-50人,未融资,海珠区,产品经理,1-3年,本科,4k-6k,"双休,年底双薪,国外旅游,五险一金"
广州博日信息科技有限公司,广州博日科技,50-150人,未融资,天河区,产品经理,5-10年,本科,8k-15k,"发展空间大,工作氛围好,前景好,开心"
广州云湾信息技术有限公司,云智易,50-150人,B轮,海珠区,产品经理,1-3年,本科,8k-15k,"朝阳企业,高颜值"
广东灵机文化传播有限公司,灵机文化,150-500人,不需要融资,天河区,产品经理,1-3年,本科,8k-15k,无息贷款30W购房
广东修炼科技股份有限公司,修炼,50-150人,不需要融资,天河区,高级产品经理/总监,5-10年,本科,20k-30k,"扁平化管理,晋升空间大"
深圳云介信息科技有限公司,芥末圈,50-150人,B轮,海珠区,高级产品经理,3-5年,本科,15k-25k,"五险一金,周末双休,下午茶歇,弹性工作"
广州小迈网络科技有限公司,车主无忧,150-500人,A轮,天河区,产品经理,1-3年,本科,8k-10k,"大牛多,团队年轻,双休弹性,平台宽"
广州茂狮呙芙生物科技有限公司,茂狮呙芙,15-50人,天使轮,黄埔区,产品经理,1-3年,大专,1k-2k,"调研,产品定位"
广州探迹科技有限公司,探迹,50-150人,B轮,番禺区,产品经理（C端）,1-3年,本科,10k-20k,"大数据AI,扁平管理,五险一金,期权激励"
广州优识科技资讯股份有限公司,广州优识,150-500人,A轮,天河区,产品经理,3-5年,本科,8k-12k,"产品,大项目,营销,电商"
广州花彤信息科技有限公司,广州花彤信息科技有限公司,50-150人,未融资,番禺区,产品经理,3-5年,大专,15k-20k,"五险一金,周末双休,餐补车补,下午茶"
广州东百信息科技有限公司,东百,50-150人,不需要融资,海珠区,产品经理,1-3年,本科,8k-15k,"稳定项目,靠谱团队,奖励丰厚"
帛珑（深圳）科技有限公司,德国帛珑,15-50人,A轮,荔湾区,产品经理,1-3年,大专,10k-20k,"全网营销,初创品牌,市场拓展,产品运营"
广州棒谷科技股份有限公司,广州棒谷科技股份有限公司,2000人以上,不需要融资,白云区,数据产品经理,1-3年,大专,13k-25k,"大数据,大型电商"
广州市岂凡网络技术有限公司,广州岂凡,50-150人,不需要融资,天河区,产品经理,不限,本科,15k-20k,"高薪,福利好,发展前景好,项目棒"
广州市岂凡网络技术有限公司,广州岂凡,50-150人,不需要融资,天河区,产品经理,不限,本科,15k-20k,"高薪,福利好,发展前景好,项目棒"
广州市加减信息技术有限公司,加减信息,50-150人,未融资,天河区,产品经理,1-3年,本科,10k-15k,"五险一金,带薪年假,绩效奖,晋升奖金多"
海南大圣娱乐有限公司,大圣live,50-150人,不需要融资,越秀区,高级产品经理,5-10年,本科,20k-30k,"鹅厂投资,大牛团队,优质项目,短视频"
广州大麦信息科技有限公司,大麦电商,150-500人,天使轮,越秀区,产品经理,3-5年,本科,8k-13k,"五险一金,年度旅游,定期体检,绩效奖金"
广州棒谷科技股份有限公司,广州棒谷科技股份有限公司,2000人以上,不需要融资,白云区,搜索产品经理,1-3年,大专,10k-20k,"大平台,高绩效,五险一金"
广东海印集团股份有限公司,海印,2000人以上,上市公司,越秀区,产品经理,3-5年,本科,15k-20k,"金融大咖,上市企业,牌照,团队棒"
广州经传多赢投资咨询有限公司,经传多赢,2000人以上,不需要融资,番禺区,app产品经理,1-3年,本科,6k-12k,"五险一金,年底多薪,员工旅游,高成长团队"
广州多融信息科技有限公司,广州多融信息科技有限公司,15-50人,未融资,天河区,产品经理,1-3年,大专,8k-15k,"五险一金,下午茶,包午餐,年终奖"
广州影子控股股份有限公司,影子控股,150-500人,未融资,天河区,产品经理,3-5年,本科,17k-34k,"高薪,五险一金,带薪年假,发展空间大"
广州博冠光电科技股份有限公司,博冠,150-500人,上市公司,黄埔区,产品经理,5-10年,硕士,18K-36K,"五险一金,带薪年假,高企,新三板"
广州铠源信息科技有限公司,铠源科技,50-150人,不需要融资,天河区,高级产品经理,5-10年,本科,15k-20k,"高速发展,团队融洽,扁平管理,敏捷开发"
广东绘宇智能勘测科技有限公司,绘宇智能勘测,150-500人,上市公司,天河区,产品经理,1-3年,大专,6k-9k,"五险一金,带薪年假,年终奖金,节日福利"
广州餐道信息科技有限公司,广州餐道,150-500人,未融资,荔湾区,产品经理,3-5年,不限,10k-15k,"五险一金,扁平管理,年终奖金,弹性上班"
广州邦聚网络技术有限公司,邦聚网络,15-50人,未融资,天河区,产品经理,1-3年,本科,8k-9k,"福利多,气氛好,下午茶,活动派对"
广州建软科技股份有限公司,建软,50-150人,上市公司,萝岗区,产品经理,3-5年,本科,8k-12k,"五险一金,股权,项目奖金"
广州棒谷科技股份有限公司,广州棒谷科技股份有限公司,2000人以上,不需要融资,白云区,搜索产品经理,1-3年,大专,10k-20k,"大平台,高绩效,五险一金"
广州零美生物医药科技有限公司,零美云合,15-50人,未融资,天河区,产品经理,3-5年,大专,6k-10k,"团队活动多,妹纸多,五险一金"
广东灵机文化传播有限公司,灵机文化,150-500人,不需要融资,天河区,道具产品经理,1-3年,本科,8k-15k,1亿用户交你任性，项目提成丰厚
广州前实网络科技有限公司,前实科技,50-150人,A轮,白云区,产品经理,3-5年,大专,8k-15k,"团队年轻,环境优越,老板亲和,潜力无限"
广州引力网络科技有限公司,引力科技,15-50人,天使轮,天河区,产品经理-平台方向,3-5年,本科,15K-25K,"福利好,股份/期权,背景深厚"
广州牛犊秀信息科技有限公司,牛犊秀,15-50人,天使轮,海珠区,产品经理,3-5年,本科,10k-18k,"五险一金,午餐环境好,团队同事好"
广州技客信息科技有限公司,技客公司,15-50人,不需要融资,天河区,产品经理,3-5年,大专,12K-15K,开放的办公空间，欢乐和谐的工作环境。
广州我在网络科技有限公司,广州我在网络科技有限公司,15-50人,天使轮,海珠区,高级产品经理,3-5年,本科,15k-20k,"丰厚期权,年终奖金,五险一金,扁平化管理"
广东优计划科技有限公司,优计划科技,50-150人,未融资,天河区,中级产品经理,1-3年,本科,9k-15k,"距离地铁近,牛人多,发展前景,每周下午茶"
荣邦科技有限公司,荣邦科技,150-500人,C轮,越秀区,产品经理,3-5年,大专,15k-20k,"银联子公司,双休,急聘,五险一金"
广州盈通电子科技有限公司,盈通集团,150-500人,不需要融资,天河区,产品经理,3-5年,本科,8k-15k,"发展空间,精英团队,环境优越,福利优厚"
深圳乐摇摇信息科技有限公司广州分公司,乐摇摇,150-500人,B轮,番禺区,产品经理,3-5年,本科,12K-20K,"优秀团队,优秀平台,五险一金,带薪年假"
广东洪睿信息科技有限公司,广东洪睿科技,15-50人,不需要融资,天河区,产品经理,1-3年,本科,9K-15K,"各类福利多,发展空间大,产品厉害,工作氛围好"
广州中长康达信息技术有限公司,中长康达,150-500人,未融资,天河区,产品经理,3-5年,大专,10k-15k,"五险一金,年终奖金,带薪年假,餐费补贴"
美的集团股份有限公司,美的集团IT,2000人以上,上市公司,番禺区,产品经理,3-5年,本科,15k-20k,"六险一金,餐补,节日福利,免费体检"
美的集团股份有限公司,美的集团IT,2000人以上,上市公司,番禺区,产品经理,3-5年,本科,15k-20k,"六险一金,餐补,节日福利,免费体检"
雪松控股集团有限公司,雪松控股集团有限公司,2000人以上,不需要融资,天河区,产品经理,3-5年,本科,10k-20k,"平台大,领导专业,团队氛围好"
广州市星三投资合伙企业（有限合伙）,星三投资,150-500人,不需要融资,天河区,产品经理,3-5年,本科,12k-22k,"五险一金,年终奖金,带薪年假,周末双休"
广州智友网络科技有限公司,智友网络,15-50人,不需要融资,天河区,产品经理,1-3年,本科,9k-15k,"公司前景好,团队年轻,技术成长快"
蜘点商业网络服务有限公司,蜘点商业,2000人以上,不需要融资,天河区,产品经理,5-10年,本科,15k-30k,"地铁口,大平台,领导好,美女如云"
广州云能信息技术有限公司,云能,15-50人,未融资,越秀区,产品经理,3-5年,本科,8K-16K,这里不只是工作，更是一个合作发展平台。
肇庆市玉都天光墟互联网有限公司,玉都天光墟互联网,50-150人,未融资,番禺区,产品经理,1-3年,本科,8k-10k,"带薪年假,绩效奖金,节日福利,弹性工作"
Wealth Corporation,Wealth Corp,50-150人,不需要融资,天河区,产品经理,1-3年,本科,13k-20k,"氛围好,福利好,领导好,活动多"
广州紫鲸互联网科技有限公司,紫鲸互联,50-150人,不需要融资,天河区,产品经理,1-3年,本科,7k-14k,"团队氛围好,移动产品领,团队颜值高,年轻化团队"
广州链云科技有限公司,链云科技,少于15人,未融资,天河区,产品经理,1-3年,本科,8k-12k,"区块链,数字货币"
北京瑞地科技有限公司,REDEFINE,150-500人,不需要融资,天河区,高级产品经理--海外用户增长商业化,3-5年,本科,25k-40k,"五险一金,期权,带薪年假,弹性工作"
武汉屈臣氏个人用品商店有限公司广州分公司,屈臣氏,2000人以上,D轮及以上,越秀区,数据产品经理（新零售）,5-10年,本科,20k-30k,"千万级用户,大数据平台,试用期全薪,精英团队"
广州正峰网络科技有限公司,小乔初驾,15-50人,未融资,越秀区,产品经理,1-3年,大专,10k-15k,"弹性工作,挑战性"
广州天一坊皮具有限公司,天一坊,15-50人,天使轮,,产品经理,不限,本科,15K-25K,发展前景良好
广州汇通国信科技有限公司,汇通国信,150-500人,不需要融资,天河区,产品经理,5-10年,本科,12k-18k,"产品设计,竞品分析,客户引导,项目投标"
广州艾得仕网络科技有限公司,艾得仕科技,少于15人,天使轮,天河区,产品经理,1-3年,本科,10K-15K,想你所想，做你想做，得你所得。
广州环朝商贸有限公司,global-direct,150-500人,未融资,天河区,产品经理,1-3年,大专,8k-10k,"七险一金,周末双休,弹性上班,带薪年假"
广州加研社科技有限公司,广州加研社科技有限公司,15-50人,不需要融资,越秀区,产品经理,1-3年,本科,10k-20k,"互联网公司,toB服务,初创公司"
广州唯厘信息技术有限公司,唯厘科技,15-50人,不需要融资,海珠区,产品经理,1-3年,本科,6k-12k,"项目分红,绩效奖金,办公环境好,地铁口"
广州牧云网络科技有限公司,美甲帮,150-500人,B轮,天河区,资深产品经理,3-5年,本科,15k-25k,"五险一金,团队氛围好,成长空间大"
蓝月亮（中国）有限公司,蓝月亮,2000人以上,不需要融资,黄埔区,产品经理-微信方向,3-5年,本科,25k-50k,"挑战多多,待遇多多,福利多多"
广州源创网络科技有限公司,广州源创,150-500人,不需要融资,黄埔区,产品经理,1-3年,本科,6k-10k,"发展空间大,不定期活动,周末双休,包吃包住"
广州通达汽车电气股份有限公司,广州通达汽车电气股份有限公司,500-2000人,上市公司,白云区,需求工程师/产品经理,1-3年,本科,9k-15k,"绩效奖金,五险一金,员工旅游,带薪假期"
广东医群科技有限公司,名医传世,50-150人,B轮,天河区,产品经理,3-5年,本科,8k-10k,"发展空间广,双休,五险一金,互联网医疗"
广州猫玩网络科技有限公司,猫玩互娱,150-500人,不需要融资,天河区,产品经理,1-3年,本科,8k-15k,"五险一金,年终奖,工作餐,下午茶"
广东道一信息技术股份有限公司,道一信息,500-2000人,上市公司,天河区,产品经理,3-5年,不限,9k-12k,产品经理
广州时刻销销网络科技有限公司,时刻销销,15-50人,未融资,白云区,产品经理,3-5年,本科,8k-11k,项目已经盈利，前景明朗，需执行能力强的人
广州久邦世纪科技有限公司,久邦GOMO,500-2000人,上市公司,越秀区,产品经理（直播）,1-3年,本科,10k-20k,"海外市场,扁平化管理,工作氛围好,项目奖金"
广州探迹科技有限公司,探迹,50-150人,B轮,番禺区,产品经理（B端）,1-3年,本科,10k-20k,"大数据AI,扁平管理,五险一金,期权激励"
优维科技（深圳）有限公司,优维科技,50-150人,A轮,天河区,产品经理,3-5年,本科,10k-20k,"五险一金,带薪年假,年底旅游"
广东道一信息技术股份有限公司,道一信息,500-2000人,上市公司,天河区,产品经理（企微）,3-5年,本科,10k-18k,"五险一金,节日福利,餐补"
优维科技（深圳）有限公司,优维科技,50-150人,A轮,天河区,产品经理,3-5年,本科,10k-20k,"五险一金,带薪年假,年底旅游"
成都霓裳美音文化传播有限公司,成都霓裳,少于15人,未融资,番禺区,产品经理,不限,本科,8k-15k,"五险一金,期权鼓励,节日福利,带薪年假"
广州致景信息科技有限公司,百布,150-500人,B轮,海珠区,产品经理,3-5年,大专,15k-20k,五险一金
广东华风海洋信息系统服务有限公司,华风海洋,15-50人,未融资,越秀区,产品经理,1-3年,本科,9k-15k,"年底双薪,工作氛围好,有食堂,下午茶"
广州维胜信息技术有限公司,搜款网 VVIC,50-150人,A轮,天河区,产品经理（供应链）,1-3年,本科,10k-20k,优秀公司 管理良好 发展空间大 员工成长快
广州市漫灵软件有限公司,漫灵软件,150-500人,未融资,天河区,游戏产品经理,1-3年,大专,10k-15k,"出国旅游,五险一金,包三餐"
广州市盈泽信息科技有限公司,盈泽信息科技有限公司,50-150人,未融资,天河区,产品经理,3-5年,本科,7k-14k,"周末双休,带薪年假,绩效奖金"
蓝月亮（中国）有限公司,蓝月亮,2000人以上,不需要融资,黄埔区,产品经理-CRM会员方向,3-5年,本科,25k-50k,"挑战多多,待遇多多,免费班车,免费住宿"
广州丽晶软件科技股份有限公司,丽晶软件,150-500人,上市公司,番禺区,产品经理,1-3年,本科,10k-20k,"高薪,产品大牛,团队氛围好"
广州宏途教育网络科技有限公司,宏途教育,50-150人,A轮,黄埔区,产品经理,3-5年,本科,8k-15k,"五险一金,周末双休,带薪年假,免费班车"
广东健客医药有限公司,健客网,500-2000人,A轮,萝岗区,数据产品经理,5-10年,本科,13k-25k,"晋升空间大,竞争力薪酬"
广州千煦信息科技有限公司,千煦,15-50人,不需要融资,天河区,产品经理,1-3年,本科,8k-12k,"五险一金,周末双休,员工活动,未来股东"
广州市拿火信息科技有限公司,拿火音乐,15-50人,不需要融资,越秀区,产品经理,1-3年,本科,8k-15k,引领艺术教育创新。
广州棒谷科技股份有限公司,广州棒谷科技股份有限公司,2000人以上,不需要融资,白云区,高级产品经理,3-5年,不限,15k-25k,"五险一金,年终奖金"
广东道一信息技术股份有限公司,道一信息,500-2000人,上市公司,天河区,（高薪诚聘）产品经理,3-5年,本科,10k-18k,"节日福利,项目奖励,五险一金"
广州冠晨网络有限公司,互金跟投,50-150人,不需要融资,天河区,产品经理,1-3年,本科,15k-30k,"年底多薪,带薪年假,股票期权,下午茶"
深圳市星网信通科技有限公司,星网信通,150-500人,未融资,天河区,产品经理,1-3年,大专,6k-12k,"有提成激励,团队氛围好,成长空间大,专业培训多"
ts,播种网,50-150人,天使轮,海珠区,产品经理,1-3年,本科,5k-10k,"搜索引擎,双休,六险一金,年底双薪"
广州国开信息科技有限公司,广州国开信息科技有限公司,50-150人,不需要融资,天河区,产品经理,1-3年,本科,6k-12k,"五险一金,多次调薪,股份期权,各项补贴"
广东绿芒科技有限公司,广东绿芒科技有限公司,15-50人,未融资,天河区,产品经理,3-5年,大专,8k-12k,"需求分析,产品策划,产品设计,产品包装"
广州市纳明网络科技有限责任公司,广州市纳明网络科技有限责任公司,15-50人,不需要融资,天河区,产品经理,1-3年,大专,6k-12k,"五险一金,带薪年假,弹性工作,定期体检"
深圳云介信息科技有限公司,芥末圈,50-150人,B轮,海珠区,会员产品经理,3-5年,本科,15k-25k,"周末双休,法定假日,扁平管理,股票期权"
广州君海网络科技有限公司,君海游戏,150-500人,上市公司,海珠区,产品经理,1-3年,本科,8k-15k,"手游,数据分析,产品"
广州市天诺营销策划有限公司,天诺集团,500-2000人,不需要融资,天河区,产品经理/产品主管,5-10年,大专,8k-15k,"弹性工作,五险一金,下午茶,免费旅游"
广东分利宝金服科技有限公司,光大分利宝,150-500人,C轮,荔湾区,产品经理,3-5年,本科,10k-20k,"产品经理,互联网金融,发展空间大"
广州爱迅信息技术有限公司,爱迅,50-150人,不需要融资,海珠区,产品经理,1-3年,本科,6k-10k,"五险一金,丰厚年终奖,发展前景大,氛围良好"
广州咖芮网络科技有限公司,ModCara,15-50人,天使轮,增城区,产品经理,1-3年,本科,8K-12K,带薪年假 免费零食 高颜值小姐姐多
广州卓牛信息科技有限公司,卓牛科技,15-50人,天使轮,天河区,产品经理,1-3年,本科,6k-12k,"年底双薪,出海方向,季度奖金,带薪年假"
广东飞威集团有限公司,飞威集团,150-500人,未融资,番禺区,产品经理,1-3年,本科,8k-15k,"五险一金,周末双休"
广东云智硬件有限公司,云智硬件,15-50人,未融资,天河区,智能硬件产品经理,3-5年,本科,8k-12k,"五险一金,周末双休,年终双薪,补充医疗保"
广州七七游网络科技有限公司,广州七七游网络科技有限公司,50-150人,未融资,天河区,产品经理,3-5年,大专,8k-15k,"五险一金,带薪病假,下午茶,年终奖"
吉林省海生电子商务有限公司,吉林省海生电子商务有限公司,少于15人,不需要融资,花都区,产品经理,3-5年,本科,12K-20K,五险一金
广州快鱼文化传媒有限公司,快鱼传媒,50-150人,不需要融资,天河区,产品经理,1-3年,本科,5k-10k,"五险一金,扁平化管理,节日福利"
深圳合众财富金融投资管理有限公司广州分公司,合众财富,150-500人,不需要融资,天河区,产品经理,3-5年,本科,15k-25k,"双休,五险一金,CBD,带薪年假"
广州市圣湘琳信息科技有限公司,广州市圣湘琳信息科技有限公司,15-50人,天使轮,天河区,产品经理,1-3年,大专,7k-14k,"扁平化管理,地铁周边,公司氛围好,前进与蜕变"
广州军令状教育咨询有限责任公司,军令状教育,15-50人,不需要融资,天河区,产品经理,1-3年,硕士,12K-20K,可成重要股东、合伙人
佛山市博纳德信息科技有限公司,博纳德,150-500人,天使轮,天河区,产品经理,3-5年,本科,15K-25K,周末双休 节日福利 员工旅游 带薪年假
广州慧亚文化传媒有限公司,慧亚文化,50-150人,不需要融资,海珠区,产品经理,3-5年,大专,10k-15k,"五险一金,餐补,带薪病假,员工活动"
深圳市心迹教育科技有限责任公司,心迹教育~,15-50人,天使轮,番禺区,产品经理,1-3年,本科,10k-12k,"五险一金,周末双休,交通便利,扁平化管理"
大圣科技股份有限公司,大圣科技,150-500人,不需要融资,荔湾区,产品经理,5-10年,本科,15k-25k,发展空间大，汽车+互联网
广州扁鸿信息科技有限公司,扁鸿信息,少于15人,不需要融资,越秀区,产品经理,1-3年,本科,8k-16k,"股票期权,年终分红,不加班,领导好"
万惠投资管理有限公司,PPmoney互联网金融平台,500-2000人,上市公司,天河区,产品经理（汽车金融） (MJ000881),3-5年,不限,10k-18k,"五险一金,团队氛围好,周末双休,提供早中餐"
北京艾佳天诚信息技术有限公司广州分公司,北京艾佳,50-150人,未融资,天河区,产品经理,不限,大专,5k-7k,"帅哥如云,氛围轻松"
广州优识科技资讯股份有限公司,广州优识,150-500人,A轮,天河区,高级产品经理,3-5年,本科,10k-15k,"互联网,电子商务"
广州辰岚广告有限公司,辰岚广告,150-500人,不需要融资,天河区,产品经理,3-5年,大专,8k-15k,"六险一金,发展空间,年轻化团队"
易简广告传媒集团股份有限公司,易简新媒体传媒集团,150-500人,不需要融资,天河区,产品经理,1-3年,本科,7k-9k,"新三板企业,新媒体建设,五险一金,带薪年假"
广州棒谷科技股份有限公司,广州棒谷科技股份有限公司,2000人以上,不需要融资,白云区,电商产品经理,3-5年,大专,10k-18k,"大型电商,高流量,绩效奖金多,双休"
浩云科技股份有限公司,浩云科技,500-2000人,上市公司,番禺区,产品经理,5-10年,本科,10k-20k,丰厚的年终奖金，广阔的发展空间
广东达文奇人工智能科技有限公司,波浪证劵,50-150人,天使轮,天河区,互金产品经理,3-5年,本科,10k-20k,"甲级写字楼,老板nic,生日会,周末双休"
广东联合电服数据科技股份有限公司,联合数据公司,15-50人,未融资,越秀区,产品经理,1-3年,本科,8k-16k,"员工旅游,餐饮补贴,交通补贴,补充公积金"
广州亿程交通信息有限公司,亿程信息,500-2000人,上市公司,天河区,产品经理,3-5年,本科,10k-15k,"工作氛围好,福利待遇高"
广州爱范儿科技股份有限公司,爱范儿,50-150人,上市公司,海珠区,新媒体产品经理,1-3年,本科,10k-20k,"福利全,空间大,环境好,创新"
宜信普惠信息咨询（北京）有限公司广州珠江新城分公司,宜人贷,2000人以上,上市公司,天河区,产品经理,不限,大专,8K-15K,福利好 无责任底薪 五险一金 双休
广州竞德信息技术有限公司,竞德信息,15-50人,不需要融资,天河区,产品经理,1-3年,本科,6k-8k,"年底奖金,午餐补助,员工活动,周末双休"
广州皇族文化传播有限公司,德国皇族钢琴,15-50人,不需要融资,越秀区,产品经理,3-5年,大专,8k-12k,"做五休二,高绩效奖,社保五险,老板好好"
广州云宏信息科技股份有限公司,云宏信息,150-500人,上市公司,天河区,产品经理,3-5年,本科,15k-25k,"上市公司,福利完善,晋升空间"
广州夏木悠悠智联有限公司,夏木悠悠,50-150人,A轮,天河区,高级产品经理,3-5年,本科,18k-35k,"股权激励,年度旅游,美女如云,环境高大尚"
广州实盈网络科技有限公司,实盈集团,50-150人,C轮,天河区,产品经理,3-5年,本科,10k-15k,"发展空间大,工作环境好,上班自由高,公司福利好"
蓝月亮（中国）有限公司,蓝月亮,2000人以上,不需要融资,黄埔区,产品经理,3-5年,本科,25k-50k,"薪酬福利佳,免费班车,免费住宿,五险一金"
广州一尚门百货有限公司,一尚门,50-150人,未融资,黄埔区,产品经理,3-5年,本科,20k-30k,"大平台,风口行业,李开复,创新工场"
广州市莱麦互联网科技有限公司,莱麦科技,15-50人,天使轮,天河区,产品经理,3-5年,不限,10k-15k,"五险一金,绩效奖金,弹性工作,双休"
广州玖晔网络科技有限公司,玖晔科技,50-150人,不需要融资,海珠区,产品经理,3-5年,本科,6k-12k,"五险一金,周末双休,年底双薪"
深圳格莱珉文化传播有限公司广州分公司,MAKA,50-150人,A轮,海珠区,工具产品经理,1-3年,本科,10k-20k,"员工旅游,周末双休,六险一金,带薪年假"
广州广府通信息科技有限公司,广州广府通,15-50人,未融资,越秀区,高级产品经理,1-3年,本科,10k-15k,"产品经理,高级,互联网"
广州中传信息科技有限公司,中传信息,50-150人,A轮,海珠区,产品经理,3-5年,本科,10k-20k,"产品经理,数值策划"
广州市星空学堂网络科技有限公司,星空学堂,15-50人,天使轮,天河区,产品经理,1-3年,本科,5k-8k,"环境清雅,弹性上班,年轻团队,发展潜力"
广东锦峰集团有限公司广州分公司,锦峰,500-2000人,不需要融资,天河区,产品经理-智能家居,3-5年,本科,20k-30k,"公司环境好,帅哥美女多,公司旅游"
北京网梯科技发展有限公司,网梯科技,150-500人,未融资,天河区,产品经理,1-3年,本科,8k-12k,福利待遇好，发展前景好
广州酷狗计算机科技有限公司,酷狗音乐,500-2000人,不需要融资,天河区,CXBU-产品经理,1-3年,本科,10k-20k,大平台
广州纳斯威尔信息技术有限公司,纳斯威尔信息,50-150人,不需要融资,越秀区,产品经理,3-5年,本科,8k-15k,"办公环境好,发展空间大,薪资福利高,团队融洽"
广州慧嘉元天广告传媒有限公司,广州慧嘉互动,50-150人,不需要融资,越秀区,产品经理,3-5年,大专,10k-20k,"周末双休,五险一金,弹性工作,高薪福利"
广州宸瑞软件科技有限公司,广州宸瑞,50-150人,天使轮,海珠区,产品经理,1-3年,本科,15k-20k,"周末双休,六险一金,绩效奖金,话补餐补"
广州智建云信息技术有限公司,智检 - 专注工程现场的SaaS平台,50-150人,A轮,天河区,产品经理,3-5年,本科,12k-24k,产品优势明显、弹性工作时间
广州市千云信息科技有限公司,每日V,50-150人,A轮,天河区,产品经理,1-3年,本科,6k-7k,"团队拓展,年终多薪,体检福利"
广州真知码信息科技有限公司,真知码,150-500人,不需要融资,天河区,产品经理,1-3年,本科,10k-12k,"五险一金,绩效奖金,节日礼物,周末双休"
广州食为天信息技术有限公司,食为天,150-500人,C轮,番禺区,产品经理,3-5年,大专,8k-16k,"弹性工作制,领导好,美女如云,学习型氛围"
广州齿腔医疗器械有限公司,招聘程序员,15-50人,未融资,荔湾区,产品经理,不限,不限,6k-9k,"住房补贴,五险一金,带薪假期,创业扶持"
前海爱讯科技（深圳）有限公司,爱讯集团,150-500人,不需要融资,海珠区,产品经理,1-3年,本科,8k-13k,"海外市场,涉机机会多,老板爱将,十分有挑战"
环球大爱（广东）网络科技有限公司,环球大爱网络科技公司,150-500人,不需要融资,越秀区,产品经理,3-5年,不限,8k-15k,"发展空间巨,社保齐全,公积金,双休"
北京瑞地科技有限公司,REDEFINE,150-500人,不需要融资,天河区,产品经理,3-5年,本科,25k-35k,口碑产品 大牛队友 期权激励
广东万丈金数信息技术股份有限公司,万丈金数,150-500人,B轮,天河区,产品经理,1-3年,本科,7k-10k,五险一金 双休 业绩奖金 年终奖 年度旅游
广东优计划科技有限公司,优计划科技,50-150人,未融资,天河区,中级产品经理,1-3年,本科,9k-15k,"距地铁近,五险一金,每周下午茶,氛围好"
广州华多网络科技有限公司,欢聚时代（YY Inc）,2000人以上,上市公司,番禺区,产品经理-内容拓展部,不限,本科,12k-24k,一线互联网公司，平台大机会多
广州嶝柏仕信息科技有限公司,活力圈,50-150人,A轮,越秀区,产品经理,不限,不限,6k-10k,"五金一险,节日福利,全勤奖,带薪年假"
广州金搏信息技术有限公司,金搏软件,150-500人,不需要融资,天河区,产品经理,3-5年,大专,10k-18k,氛围好 年假 地铁周边 下午茶
深圳市有礼派网络科技有限公司,有礼派,150-500人,A轮,天河区,产品经理,3-5年,本科,10k-15k,"晋升机会多,地铁上盖"
广州帅为网络科技有限公司,帅为网络,少于15人,天使轮,天河区,产品经理,1-3年,不限,5k-10k,"微信小程序,社交电商,快速成长"
广东精点数据科技股份有限公司,精点数据,150-500人,不需要融资,天河区,需求分析工程师/产品经理,1-3年,大专,8k-10k,"双休,扁平化,老板亲和"
广州富力地产股份有限公司,富力地产,2000人以上,上市公司,天河区,供应链产品经理,5-10年,本科,12k-23k,"上市公司,购房优惠,酒店内部价,学习氛围浓"
广东宜教通教育有限公司,宜教通教育,50-150人,不需要融资,天河区,产品经理,1-3年,大专,6k-10k,"产品设计,项目管理"
广东翔顺科技有限公司,翔顺科技,15-50人,不需要融资,海珠区,需求分析师、产品经理,3-5年,本科,8k-11k,"奖金高,福利好,环境高大上"
广州市骑鹅游信息技术咨询服务有限公司,骑鹅旅行,50-150人,A轮,海珠区,高级产品经理,3-5年,本科,15k-20k,"股权激励,弹性工作,大牛团队,十五天年假"
广州启生信息技术有限公司,39健康网,150-500人,上市公司,天河区,高级产品经理,3-5年,本科,10k-18k,"CBD办公,朝阳行业,大健康"
广州汉兴高科技有限公司,汉兴互联,少于15人,未融资,番禺区,产品经理,1-3年,大专,7k-10k,"优秀团队,弹性工作,绩效奖金,客户资源"
广州华讯通信技术有限公司,房博士,150-500人,未融资,天河区,产品经理,3-5年,本科,12k-18k,"周末双休,五险一金,带薪年假,年终奖"
广州营悦营养健康咨询有限公司,营悦营养,15-50人,天使轮,天河区,课程设计/产品经理,不限,本科,7k-14k,"朝阳行业,弹性自由,奖金期权,加速成长"
前海易物（深圳）电子商务有限公司广州分公司,前海易物,150-500人,A轮,海珠区,产品经理（语音）,1-3年,本科,20k-30k,"五险一金,带薪年假,员工旅游,节日福利"
深圳格莱珉文化传播有限公司广州分公司,MAKA,50-150人,A轮,海珠区,平台产品经理,1-3年,本科,10k-20k,"员工旅游,周末双休,六险一金,带薪年假"
广州市挚联数码科技有限公司,挚联,15-50人,未融资,天河区,产品经理,3-5年,本科,13K-26K,双休，社保，带薪年假，福利多
广州回头车信息科技有限公司,省省回头车,15-50人,A轮,天河区,产品经理,1-3年,大专,10k-18k,"周末双休,弹性工作,五险齐全,带薪年假"
广州泛舟信息科技有限公司,移触科技,15-50人,未融资,天河区,产品经理,3-5年,大专,10k-20k,"周末双休,超高额奖励,五险一金,办公氛围好"
广州汉蜂科技有限公司,汉蜂科技,15-50人,不需要融资,番禺区,产品经理,1-3年,大专,6k-12k,"技术大牛,氛围活跃,大型项目,发展空间"
广东健客医药有限公司,健客网,500-2000人,A轮,萝岗区,会员产品经理,1-3年,本科,10k-20k,"晋升空间大,大平台"
广州小鹏汽车科技有限公司,小鹏汽车,150-500人,A轮,黄埔区,车联网产品经理/资深产品经理/专家,3-5年,本科,18k-36k,前景好
广东健客医药有限公司,健客网,500-2000人,A轮,萝岗区,社交产品经理,3-5年,本科,15k-30k,"晋升空间大,竞争力薪酬"
广州云移信息科技有限公司,掌贝（云移科技）,500-2000人,B轮,天河区,数据产品经理,不限,本科,15k-25k,42项福利 专业培训 晋升空间 团建社团
广州爱范儿科技股份有限公司,爱范儿,50-150人,上市公司,海珠区,产品经理,1-3年,本科,7k-10k,"发展前景好,挑战性,机会多"
广州市睿驰计算机科技有限公司,睿驰科技,50-150人,天使轮,海珠区,产品经理,1-3年,本科,10k-18k,"领导好,薪资高,周末双休,地铁周边"
广州伊的家网络科技有限公司,伊的家,2000人以上,不需要融资,天河区,高级产品经理,3-5年,不限,12k-18k,"弹性工作制,月度奖金,年度加薪,五险一金"
广东省电信规划设计院有限公司,设计院,2000人以上,上市公司,天河区,产品经理（支付产品）,3-5年,本科,10k-15k,"高薪,高温补贴,支付"
广州广府通信息科技有限公司,广州广府通,15-50人,未融资,越秀区,高级产品经理,3-5年,本科,10k-15k,"创业,国企,互联网"
广州市德贤信息科技有限公司,火木新媒体,少于15人,天使轮,天河区,产品经理,1-3年,本科,6k-7k,"团队拓展,年终多薪,体检福利,氛围好"
广州市漫灵软件有限公司,漫灵软件,150-500人,未融资,天河区,产品经理（APP）,1-3年,大专,15k-25k,"五险一金,出国旅游,年终奖金,包三餐"
广州智数信息技术有限公司,广州智数,15-50人,A轮,天河区,产品经理/需求分析师,3-5年,本科,9k-18k,"城商行,农商行,通用产品,项目设计"
广州小迈网络科技有限公司,车主无忧,150-500人,A轮,天河区,高级产品经理,3-5年,本科,18k-25k,"平台宽,大牛多,福利齐全,双休弹性"
彩讯科技股份有限公司,彩讯股份,500-2000人,上市公司,天河区,中高级产品经理（急招）,3-5年,本科,10k-16k,"自由,上升空间大"
深圳道乐科技有限公司,深圳道乐,50-150人,未融资,海珠区,产品经理,1-3年,本科,10k-15k,"五险一金,期权鼓励,年终奖金,绩效奖金"
广州市微服技术服务发展有限公司,广州微服,50-150人,上市公司,天河区,产品经理,3-5年,大专,7k-9k,"五险一金,员工旅游,股票期权"
广州启舟信息科技有限公司,启舟科技,少于15人,天使轮,天河区,产品经理,1-3年,大专,6K-12K,"周末双休,项目提成,股票期权,员工旅游"
广东省电信规划设计院有限公司,设计院,2000人以上,上市公司,天河区,产品经理（数据产品）,3-5年,本科,10k-15k,"高薪,高温补贴,3年经验"
广州启舟信息科技有限公司,启舟科技,少于15人,天使轮,天河区,产品经理,1-3年,大专,6K-12K,"周末双休,项目提成,股票期权,员工旅游"
广州美亚尚途国际旅行社有限公司,美亚商旅,150-500人,不需要融资,天河区,互联网产品经理,5-10年,本科,10k-15k,"五险一金,年底双薪,带新年假,员工旅游"
广州大世信息科技有限公司,大世科技,15-50人,未融资,天河区,产品经理,1-3年,本科,7k-12k,"扁平管理,平台好,团队棒棒,项目奖金"
广州凯缇圣梵生物科技有限公司,凯缇圣梵,50-150人,未融资,越秀区,产品经理,1-3年,大专,8k-14k,"周末双休,带薪年假,五险一金,节日福利"
深圳市点购电子商务有限公司广州分公司,点购商城,50-150人,未融资,天河区,产品经理,3-5年,大专,13K-18K,"数据库开发,APP,商城平台"
广州虎牙信息科技有限公司,虎牙信息,500-2000人,B轮,番禺区,产品经理（营收方向）,不限,本科,17k-34k,"发展空间大,工作氛围好,精英团队,团队大牛多"
北京盈保倍信息科技有限公司,蜗牛保险,50-150人,A轮,海珠区,平台产品经理,3-5年,大专,10k-15k,"行业好,弹性上班,六险一金,专业"
广州乐宸网络科技有限公司,乐宸科技,15-50人,A轮,海珠区,产品经理,1-3年,本科,9k-18k,"双休,五险一金"
广东阿斯拜尔信息科技有限公司,阿斯拜尔,15-50人,不需要融资,海珠区,产品经理,3-5年,本科,8k-15k,"精英汇聚,前景广阔,技术前沿"
广州美人信息技术有限公司,美人信息,150-500人,A轮,越秀区,产品经理,1-3年,本科,10k-15k,"产品前景好,晋升空间大,扁平化管理,俊男美女多"
广州心康信息科技有限公司,心康科技,150-500人,不需要融资,天河区,产品经理,不限,不限,8k-16k,"全员持股,大牛带队,朝阳行业,福利诱人"
广东锦峰集团有限公司广州分公司,锦峰,500-2000人,不需要融资,天河区,高级产品经理-智能家居,3-5年,本科,18k-35k,"临近地铁,扁平化,周末双休,美女多多"
广东网金控股股份有限公司,网金控股,50-150人,A轮,天河区,产品经理,1-3年,本科,8k-14k,氛围好
雪松控股集团有限公司,雪松控股集团有限公司,2000人以上,不需要融资,白云区,数据可视化产品经理,3-5年,本科,10k-20k,"平台大,领导专业,团队氛围好"
广州合立正通信息科技有限公司,合立正通,150-500人,B轮,番禺区,产品经理,3-5年,本科,12k-24k,"五险一金,周末双休,带薪年假,节日福利"
广东世纪晓教育科技有限公司,晓教育,2000人以上,不需要融资,天河区,产品经理（互联网在线教育）,3-5年,本科,10k-15k,"风口行业,年终奖,行业前三,年度旅游"
广州好品汇网络科技有限公司,好品汇,150-500人,不需要融资,海珠区,产品经理,1-3年,本科,15k-30k,"六险一金,绩效奖金,全勤奖,年底双薪"
广州华多网络科技有限公司,欢聚时代（YY Inc）,2000人以上,上市公司,番禺区,产品经理（极速版手Y）,1-3年,大专,14k-28k,"上市公司,平台广阔"
广州市讯飞樽鸿信息技术有限公司,科大讯飞广州子公司,50-150人,上市公司,天河区,产品经理,不限,本科,8k-15k,"内部创业,氛围轻松"
广东金砖天网信息科技有限公司,金砖天网,15-50人,天使轮,白云区,产品经理,1-3年,大专,8k-10k,"有分红,高管,发展空间大,提升快"
广州万链信息科技有限公司,广州万链,50-150人,未融资,天河区,产品经理,1-3年,本科,10k-15k,"周末双休,弹性工作"
广州酷旅旅行社有限公司,要出发,500-2000人,D轮及以上,天河区,亲子游产品经理/旅行线路策划,1-3年,本科,5k-10k,发展空间较大
广州四三九九信息科技有限公司,4399游戏,500-2000人,未融资,天河区,产品经理,1-3年,本科,8k-15k,"员工食堂,六险一金,大平台"
广州趣丸网络科技有限公司,趣丸,150-500人,不需要融资,天河区,产品经理（社交平台）,1-3年,本科,9k-15k,"五险一金,带薪年假,年度旅游,包两餐"
广州脑动网络科技有限公司,次元仓,150-500人,B轮,荔湾区,产品经理,1-3年,本科,5k-10k,"五险一金,餐补,年度体检"
广州启舟信息科技有限公司,启舟科技,少于15人,天使轮,天河区,高级产品经理,3-5年,本科,12K-24K,"周末双休,项目提成,股票期权,员工旅游"
广东鑫荣投资有限公司,鑫荣,,,越秀区,高级产品经理,不限,大专,8K-10K,周末双休，九点半上班，六点下班。时间自由
广州威尔森信息科技有限公司,Ways,150-500人,未融资,天河区,产品经理,5-10年,不限,10k-20k,六险一金
广州京墨医疗科技有限公司,广州京墨,15-50人,不需要融资,海珠区,产品经理,不限,本科,5k-8k,"项目多,周末双休,五险一金"
广东世纪晓教育科技有限公司,晓教育,2000人以上,不需要融资,天河区,数据产品经理,1-3年,本科,10k-20k,"五险一金,团队氛围好,年终双薪,年终绩效奖"
广州京墨医疗科技有限公司,广州京墨,15-50人,不需要融资,海珠区,产品经理,不限,本科,5k-8k,"项目多,周末双休,五险一金"
广州快效信息技术有限公司,广州快效,15-50人,未融资,海珠区,产品经理,1-3年,大专,10k-20k,"周末双休,五险一金,带薪年假,年终奖"
广州辰岚广告有限公司,辰岚广告,150-500人,不需要融资,天河区,小程序产品经理,1-3年,大专,8k-15k,"六险一金,团队建设,一年14薪,带薪年假"
广州一大批网络科技有限公司,广州一大批网络科技有限公司,15-50人,未融资,花都区,产品经理,3-5年,本科,12k-18k,五险一金
广州卓牛信息科技有限公司,卓牛科技,15-50人,天使轮,天河区,高级产品经理,3-5年,本科,15k-25k,"出海方向,上升空间大,五险一金,带薪年假"
广州明动软件股份有限公司,明动软件,150-500人,上市公司,天河区,产品经理,3-5年,本科,10k-20k,"管理,扁平化,发展空间"
广州李子网络科技有限公司,广州李子网络科技有限公司,15-50人,不需要融资,天河区,产品经理,3-5年,大专,8k-15k,"福利好,弹性工作制,学习氛围"
唯品会（中国）有限公司,唯品会,2000人以上,上市公司,荔湾区,产品经理-广告平台,3-5年,本科,20k-35k,"六险一金,住房免息贷,集体户口,包三餐"
广州穗圣信息科技有限公司,广州穗圣信息科技有限公司,150-500人,A轮,越秀区,产品经理,1-3年,本科,7k-12k,"五险一金,员工旅游,定期体检,年终奖"
广州米速信息科技有限公司,米速信息,150-500人,未融资,白云区,高级产品经理,3-5年,本科,15k-25k,"双休,五险,员工旅游,年终奖励"
三七互娱（上海）科技有限公司,三七互娱,2000人以上,上市公司,天河区,海外产品经理,3-5年,本科,12k-24k,"上市公司,平台好,绩效奖金"
电众数码（北京）广告有限公司广州分公司,电众,50-150人,上市公司,天河区,高级产品经理,3-5年,本科,10k-15k,"团队气氛好,领导好,cbd,有上升空间"
广州蜂羽云科技有限公司,蜂羽云科技,15-50人,未融资,番禺区,产品经理,1-3年,本科,6k-12k,"技术大牛,弹性工作,绩效奖金,氛围活跃"
论客科技（广州）有限公司,Coremail论客,150-500人,不需要融资,番禺区,高级产品经理,3-5年,本科,10k-20k,"周末双休,五险一金,年终奖,绩效奖金"
广东分利宝金服科技有限公司,光大分利宝,150-500人,C轮,荔湾区,产品经理-互联网金融项目,3-5年,本科,8k-15k,"领导好,项目前景好,环境开放,薪资福利好"
广州心与潮信息科技有限公司,心潮,15-50人,A轮,天河区,产品经理,3-5年,大专,15k-25k,"心理科技化,技术氛围好,晋升空间大,有发展前景"
广州鑫燕网络科技有限公司,鑫燕网络,150-500人,B轮,海珠区,产品经理,3-5年,本科,8k-15k,"五险一金,双休,职业规划,年底奖金"
广州虎将网络科技有限公司,新工厂,少于15人,不需要融资,天河区,产品经理,1-3年,大专,4k-8k,成长空间大
广州未名中智教育科技有限公司,广州未名中智教育,50-150人,未融资,越秀区,产品经理,3-5年,大专,10k-20k,"双休加班少,免费午餐,五险一金"
广州富力地产股份有限公司,富力地产,2000人以上,上市公司,天河区,资深产品经理,5-10年,本科,20k-35k,"平台大有钱,团队nic,五险一金,免费自助餐"
广州合摩计算机科技有限公司,爱员工,150-500人,B轮,天河区,金融产品经理,3-5年,本科,15k-30k,"牛人多,架构扁平,上升空间大"
广州诗悦网络科技有限公司,诗悦网络,150-500人,不需要融资,天河区,平台产品经理,3-5年,本科,10k-20k,"靠谱团队,氛围好,破译流水"
广州棒谷科技股份有限公司,广州棒谷科技股份有限公司,2000人以上,不需要融资,白云区,数据产品经理,3-5年,不限,15k-25k,"五险一金,年终奖金"
铂涛信息技术（广州）有限公司,铂涛旅行,500-2000人,未融资,海珠区,（资深）高级产品经理,5-10年,本科,20k-40k,"五险一金,绩效奖金,周末双休,超一亿会员"
广州爱拍网络科技有限公司,爱拍原创,150-500人,D轮及以上,天河区,高级产品经理,3-5年,本科,10k-20k,金装团队
高济（天津）投资有限公司,高济医疗,150-500人,不需要融资,荔湾区,产品经理,3-5年,本科,20K-35K,"发展空间大,五险一金,年终奖"
广州奇艺果信息科技有限公司,奇艺果,50-150人,C轮,海珠区,游戏产品经理,1-3年,本科,8k-15k,"高前景,高发展,高薪资,扁平化"
广州盈尚信息科技有限公司,蜗牛保险医院,150-500人,A轮,海珠区,后台产品经理,3-5年,大专,10k-15k,"行业好,绩效考核,六险一金,弹性上班"
广州易达建信科技开发有限公司,易达科技,150-500人,不需要融资,天河区,产品经理,3-5年,本科,12k-20k,"高薪,团队协作,周末双休"
广州富力地产股份有限公司,富力地产,2000人以上,上市公司,天河区,电商产品经理,3-5年,本科,20k-35k,"实力平台,有工作餐,买房有优惠,周末双休"
芯智云科技（广州）有限公司,芯智云,15-50人,A轮,番禺区,产品经理,3-5年,本科,10k-15k,"扁平管理,物联网行业,团队氛围好,发展空间大"
广州华多网络科技有限公司,欢聚时代（YY Inc）,2000人以上,上市公司,番禺区,产品经理（手Y）,3-5年,本科,18k-36k,"平台广阔,上市公司"
广州小黑屋科技有限公司,小黑屋,15-50人,A轮,海珠区,产品经理,1-3年,大专,10k-16k,"五险一金,年终奖,不打卡"
广州市领宝网络科技有限公司,领宝科技,50-150人,A轮,天河区,产品经理,1-3年,本科,7k-12k,"金融服务,学习机遇多,晋升空间大,五险一金"
广州逸善舒晨生物科技有限公司,ESUN,15-50人,A轮,荔湾区,产品经理,1-3年,大专,7k-14k,"产品经理,产品总监"
广州易职信信息科技有限公司,易职信,150-500人,未融资,天河区,产品经理,1-3年,本科,8k-15k,"岗位晋升,新项目,新平台"
广州心康信息科技有限公司,心康科技,150-500人,不需要融资,天河区,产品经理,1-3年,不限,7k-12k,"大牛带队,渠道资源,扁平化管理,周末双休"
广州菌源保生物科技有限公司,俏婴童,15-50人,不需要融资,番禺区,产品经理,1-3年,大专,8k-15k,"五险一金,双休,年终奖,另一半"
广州星网世纪科技有限公司,网批网,50-150人,未融资,天河区,产品经理,3-5年,本科,16k-20k,"五险一金,年底奖金"
广州联亿网络科技有限公司,任玩堂,150-500人,B轮,天河区,产品经理,1-3年,本科,5k-8k,"发展平台,晋升空间"
广州一蝉信息科技有限公司,一蝉科技,15-50人,未融资,番禺区,产品经理,1-3年,不限,7k-9k,"项目提成,锻炼能力"
广州世讯信息科技有限公司,世讯,50-150人,A轮,海珠区,海外直播产品经理,1-3年,本科,10k-20k,"成长空间大,公司前景好,五险一金,福利多多"
广州极豆网络科技有限公司,口袋兼职,50-150人,B轮,天河区,交易所产品经理,1-3年,本科,10k-20k,"同事养眼,个个段子手,大佬都超帅,每周下午茶"
广州米研网络科技有限公司,米研网络,15-50人,未融资,天河区,产品经理,1年以下,大专,6k-10k,"晋升空间大,周末双休,办公环境好,公司福利好"
